data,method,sigma,noise,criteria,Accuracy,Consistency
Bean,Birch,1.5,Laplace,ARI,0.02031554609209589,0.010363805837181746
Bean,Birch,1.5,Laplace,Fowlkes Mallows,0.1972130953220337,0.1973231951563061
Bean,Birch,1.5,Laplace,MI,0.05222866894175803,0.02648939341893029
Bean,Birch,1.5,Laplace,V Measure,0.05292317827067132,0.027214044248475025
Bean,Birch,1.5,Normal,ARI,0.04371636903735916,0.020046730780492097
Bean,Birch,1.5,Normal,Fowlkes Mallows,0.21093460867237215,0.1933938707356762
Bean,Birch,1.5,Normal,MI,0.100118139337926,0.06294135568245947
Bean,Birch,1.5,Normal,V Measure,0.10077110617806356,0.06362479292703838
Bean,Gaussian MM,1.5,Laplace,ARI,0.009903490058826556,0.004271114828540676
Bean,Gaussian MM,1.5,Laplace,Fowlkes Mallows,0.17104764440377476,0.15668310770578708
Bean,Gaussian MM,1.5,Laplace,MI,0.030149693256856513,0.007221087100859848
Bean,Gaussian MM,1.5,Laplace,V Measure,0.030835171898762705,0.007908160600096548
Bean,Gaussian MM,1.5,Normal,ARI,0.05672679955586376,0.029443722079163563
Bean,Gaussian MM,1.5,Normal,Fowlkes Mallows,0.21213060230562955,0.1817295025925034
Bean,Gaussian MM,1.5,Normal,MI,0.12452592115810153,0.07735376363721339
Bean,Gaussian MM,1.5,Normal,V Measure,0.12514969621311506,0.07800261114380826
Bean,HC (average),1.5,Laplace,ARI,0.1442968679085329,0.2355918115480981
Bean,HC (average),1.5,Laplace,Fowlkes Mallows,0.42289654455114345,0.6375664163198264
Bean,HC (average),1.5,Laplace,MI,0.18659632602008336,0.17163441116010503
Bean,HC (average),1.5,Laplace,V Measure,0.18745737281420488,0.17225499068666544
Bean,HC (average),1.5,Normal,ARI,0.16775724603809358,0.3218086377407001
Bean,HC (average),1.5,Normal,Fowlkes Mallows,0.4384476115684761,0.6662518733991266
Bean,HC (average),1.5,Normal,MI,0.22405661619278536,0.2396307835164105
Bean,HC (average),1.5,Normal,V Measure,0.2248660275275038,0.2402003261834151
Bean,HC (complete),1.5,Laplace,ARI,0.03874360502820213,0.07769297788874441
Bean,HC (complete),1.5,Laplace,Fowlkes Mallows,0.25066032853668896,0.33491102462510425
Bean,HC (complete),1.5,Laplace,MI,0.12231482339520988,0.04582139662229138
Bean,HC (complete),1.5,Laplace,V Measure,0.12299755645124835,0.04662540192336952
Bean,HC (complete),1.5,Normal,ARI,0.056812797319727014,0.10095305327497246
Bean,HC (complete),1.5,Normal,Fowlkes Mallows,0.2569978546060249,0.3329020458632845
Bean,HC (complete),1.5,Normal,MI,0.15170900967161213,0.06619123108220945
Bean,HC (complete),1.5,Normal,V Measure,0.152359453162612,0.0669541561298888
Bean,HC (single),1.5,Laplace,ARI,2.6181526600967184e-06,-3.6789004937548196e-05
Bean,HC (single),1.5,Laplace,Fowlkes Mallows,0.41552143239294376,0.9991184896682836
Bean,HC (single),1.5,Laplace,MI,1.6148784706487318e-06,-3.6795100849334007e-05
Bean,HC (single),1.5,Laplace,V Measure,0.0008811362354071076,0.0004459442439724034
Bean,HC (single),1.5,Normal,ARI,2.0238852525491247e-05,0.0005013916642977439
Bean,HC (single),1.5,Normal,Fowlkes Mallows,0.4155386538779613,0.9991174946672378
Bean,HC (single),1.5,Normal,MI,2.0492800461120418e-05,0.0005017389661856248
Bean,HC (single),1.5,Normal,V Measure,0.0009005437140828768,0.0009847065702006288
Bean,HC (ward),1.5,Laplace,ARI,0.08191696461405498,0.0322550558170074
Bean,HC (ward),1.5,Laplace,Fowlkes Mallows,0.23979795204669016,0.1978254948745072
Bean,HC (ward),1.5,Laplace,MI,0.1153826852020785,0.03852349502067887
Bean,HC (ward),1.5,Laplace,V Measure,0.11602009600071747,0.03921491459589852
Bean,HC (ward),1.5,Normal,ARI,0.18660924505287452,0.13528848220598252
Bean,HC (ward),1.5,Normal,Fowlkes Mallows,0.3247903287419601,0.27960575573484003
Bean,HC (ward),1.5,Normal,MI,0.26411828193583364,0.1722516367567258
Bean,HC (ward),1.5,Normal,V Measure,0.2646459388909051,0.17284115860990082
Bean,K-Means,1.5,Laplace,ARI,0.030801196747643155,0.015307444410494819
Bean,K-Means,1.5,Laplace,Fowlkes Mallows,0.18642831688720893,0.16199876610543432
Bean,K-Means,1.5,Laplace,MI,0.07165113989779978,0.0308858771662652
Bean,K-Means,1.5,Laplace,V Measure,0.07230561208316126,0.03155333133852078
Bean,K-Means,1.5,Normal,ARI,0.057059945537252986,0.02949013824135672
Bean,K-Means,1.5,Normal,Fowlkes Mallows,0.2120378823437136,0.1811066836145434
Bean,K-Means,1.5,Normal,MI,0.12735933352440468,0.08003751891000656
Bean,K-Means,1.5,Normal,V Measure,0.12798097921995294,0.08068433882087034
Bean,K-Means (minibatch),1.5,Laplace,ARI,0.02915759797010429,0.013651542437992385
Bean,K-Means (minibatch),1.5,Laplace,Fowlkes Mallows,0.18737402524444466,0.16514304428096432
Bean,K-Means (minibatch),1.5,Laplace,MI,0.0660969248516489,0.02571080437531335
Bean,K-Means (minibatch),1.5,Laplace,V Measure,0.06675875297114156,0.02638875425556939
Bean,K-Means (minibatch),1.5,Normal,ARI,0.051309222715292604,0.024308014436787033
Bean,K-Means (minibatch),1.5,Normal,Fowlkes Mallows,0.2064163951514061,0.17509013625309094
Bean,K-Means (minibatch),1.5,Normal,MI,0.11402525089675697,0.0655829617490602
Bean,K-Means (minibatch),1.5,Normal,V Measure,0.1146544724647574,0.06623595543993419
Bean,K-Means++,1.5,Laplace,ARI,0.10413090763660678,0.059911479999259235
Bean,K-Means++,1.5,Laplace,Fowlkes Mallows,0.24921369470877025,0.20280308259608784
Bean,K-Means++,1.5,Laplace,MI,0.15990733265548365,0.09057957271830104
Bean,K-Means++,1.5,Laplace,V Measure,0.16050106084943333,0.09120990905155056
Bean,K-Means++,1.5,Normal,ARI,0.15898992477613236,0.11659206875981648
Bean,K-Means++,1.5,Normal,Fowlkes Mallows,0.29823921331060577,0.2570477035292781
Bean,K-Means++,1.5,Normal,MI,0.2422176324982805,0.18155159106349766
Bean,K-Means++,1.5,Normal,V Measure,0.2427584430513061,0.1821296658188652
Bean,Spectral (NN),1.5,Laplace,ARI,0.022747339097734662,0.015481459569693129
Bean,Spectral (NN),1.5,Laplace,Fowlkes Mallows,0.2277712932428593,0.2644268885185522
Bean,Spectral (NN),1.5,Laplace,MI,0.07279335761788196,0.04498240724584227
Bean,Spectral (NN),1.5,Laplace,V Measure,0.07352117515802112,0.04580534988170418
Bean,Spectral (RBF),1.5,Laplace,ARI,0.08053488384023727,0.02247051979030759
Bean,Spectral (RBF),1.5,Laplace,Fowlkes Mallows,0.3253633977546168,0.4042433900269641
Bean,Spectral (RBF),1.5,Laplace,MI,0.09930771510325168,0.023622106510905908
Bean,Spectral (RBF),1.5,Laplace,V Measure,0.100006602376984,0.024397058199772892
Bean,Spectral (RBF),1.5,Normal,ARI,0.25549320413803217,0.19992789453389376
Bean,Spectral (RBF),1.5,Normal,Fowlkes Mallows,0.3780106189095104,0.32463110845443155
Bean,Spectral (RBF),1.5,Normal,MI,0.3182920086200303,0.2301940705468757
Bean,Spectral (RBF),1.5,Normal,V Measure,0.31877516088699737,0.23072986445751856
Call,Birch,1.5,Laplace,ARI,0.019217516774142487,0.0009624724840151274
Call,Birch,1.5,Laplace,Fowlkes Mallows,0.20181004281348588,0.122141985412488
Call,Birch,1.5,Laplace,MI,0.022765782213558832,0.0014203812241909365
Call,Birch,1.5,Laplace,V Measure,0.025644967083591173,0.003997471968172048
Call,Birch,1.5,Normal,ARI,0.07558035707165726,0.014749079097728775
Call,Birch,1.5,Normal,Fowlkes Mallows,0.24855665983174965,0.12717643785544852
Call,Birch,1.5,Normal,MI,0.09611927469676196,0.024231368753339214
Call,Birch,1.5,Normal,V Measure,0.09874812585228004,0.02670001500468053
Call,Gaussian MM,1.5,Laplace,ARI,0.004731960839211838,8.215294867795486e-05
Call,Gaussian MM,1.5,Laplace,Fowlkes Mallows,0.17846394344601274,0.1079917661830715
Call,Gaussian MM,1.5,Laplace,MI,0.0038172738751068415,5.053860708711768e-05
Call,Gaussian MM,1.5,Laplace,V Measure,0.006689211718918152,0.0025454002651435475
Call,Gaussian MM,1.5,Normal,ARI,0.06352123521489751,0.01833142533163021
Call,Gaussian MM,1.5,Normal,Fowlkes Mallows,0.2315247697252545,0.120533447951398
Call,Gaussian MM,1.5,Normal,MI,0.11026876572295613,0.03055340697759688
Call,Gaussian MM,1.5,Normal,V Measure,0.1128207787761305,0.03295247915548022
Call,HC (average),1.5,Laplace,ARI,0.009255685432661509,0.16370659951804256
Call,HC (average),1.5,Laplace,Fowlkes Mallows,0.5047742682581421,0.41751619022526704
Call,HC (average),1.5,Laplace,MI,0.004956742354993981,0.08180461108303479
Call,HC (average),1.5,Laplace,V Measure,0.010511831425559243,0.0853819193624834
Call,HC (average),1.5,Normal,ARI,0.01408928592589996,0.4785555624160199
Call,HC (average),1.5,Normal,Fowlkes Mallows,0.5244245366788179,0.6712662127586588
Call,HC (average),1.5,Normal,MI,0.009255862394725691,0.3100772811496221
Call,HC (average),1.5,Normal,V Measure,0.014847788506392285,0.31312043104789994
Call,HC (complete),1.5,Laplace,ARI,0.007824057024853009,0.025904763031254847
Call,HC (complete),1.5,Laplace,Fowlkes Mallows,0.2998599689441395,0.2641529461084677
Call,HC (complete),1.5,Laplace,MI,0.008179769720826006,0.027512350024199408
Call,HC (complete),1.5,Laplace,V Measure,0.011681706568415629,0.030642586812918007
Call,HC (complete),1.5,Normal,ARI,0.08286949703218431,0.12386952451622547
Call,HC (complete),1.5,Normal,Fowlkes Mallows,0.2831061523111407,0.24918138681137444
Call,HC (complete),1.5,Normal,MI,0.0658140944246956,0.1620020078570268
Call,HC (complete),1.5,Normal,V Measure,0.06872849382190596,0.1642834869344807
Call,HC (single),1.5,Laplace,ARI,0.00027059916393786556,-0.0002633977882547771
Call,HC (single),1.5,Laplace,Fowlkes Mallows,0.5292105948615028,0.99749899510999
Call,HC (single),1.5,Laplace,MI,0.00028969132366325425,-0.00026352919584120136
Call,HC (single),1.5,Laplace,V Measure,0.002773408728197373,0.0011142315620491713
Call,HC (single),1.5,Normal,ARI,0.0008190501160033983,0.0009695276256685613
Call,HC (single),1.5,Normal,Fowlkes Mallows,0.5295829480825643,0.9974993011091255
Call,HC (single),1.5,Normal,MI,0.0009089255411463343,0.0009707212106574012
Call,HC (single),1.5,Normal,V Measure,0.003391104497201829,0.002347703607470603
Call,HC (ward),1.5,Laplace,ARI,0.02256304114889323,0.03782042303544928
Call,HC (ward),1.5,Laplace,Fowlkes Mallows,0.20642460642844,0.15353945903977434
Call,HC (ward),1.5,Laplace,MI,0.023446948375956213,0.053981101173920576
Call,HC (ward),1.5,Laplace,V Measure,0.026333451866602714,0.056413565943301124
Call,HC (ward),1.5,Normal,ARI,0.0715464164838176,0.13848063318985462
Call,HC (ward),1.5,Normal,Fowlkes Mallows,0.2446288185979235,0.24373021785810625
Call,HC (ward),1.5,Normal,MI,0.09529809868635776,0.20347461412449028
Call,HC (ward),1.5,Normal,V Measure,0.09792786289641857,0.20552311430959627
Call,K-Means,1.5,Laplace,ARI,0.041779991859772825,0.008785070100863615
Call,K-Means,1.5,Laplace,Fowlkes Mallows,0.20989677277141927,0.11069383880603546
Call,K-Means,1.5,Laplace,MI,0.07193251212978602,0.013861834911418994
Call,K-Means,1.5,Laplace,V Measure,0.07459021019732169,0.016295832645890646
Call,K-Means,1.5,Normal,ARI,0.08965493026407181,0.04265936294339567
Call,K-Means,1.5,Normal,Fowlkes Mallows,0.25457639735910764,0.13884252754754592
Call,K-Means,1.5,Normal,MI,0.16733386399004732,0.06768059929945355
Call,K-Means,1.5,Normal,V Measure,0.16971017503071648,0.06996923981343367
Call,K-Means (minibatch),1.5,Laplace,ARI,0.036676413547357435,0.005062179482899464
Call,K-Means (minibatch),1.5,Laplace,Fowlkes Mallows,0.20746569994030256,0.1108325041003124
Call,K-Means (minibatch),1.5,Laplace,MI,0.0576259691922123,0.008579770183156846
Call,K-Means (minibatch),1.5,Laplace,V Measure,0.06034104584586397,0.011051409733216493
Call,K-Means (minibatch),1.5,Normal,ARI,0.07790007839080762,0.02539146004033977
Call,K-Means (minibatch),1.5,Normal,Fowlkes Mallows,0.2446124596532148,0.12579282655435015
Call,K-Means (minibatch),1.5,Normal,MI,0.1328839226325992,0.04267252071660016
Call,K-Means (minibatch),1.5,Normal,V Measure,0.13536735511449186,0.045035875190800864
Call,K-Means++,1.5,Laplace,ARI,0.0431628729158598,0.00915025224718498
Call,K-Means++,1.5,Laplace,Fowlkes Mallows,0.21129189931937756,0.11111980096332368
Call,K-Means++,1.5,Laplace,MI,0.07372983714819532,0.0143434898738312
Call,K-Means++,1.5,Laplace,V Measure,0.07638282610053093,0.016776926822947482
Call,K-Means++,1.5,Normal,ARI,0.08879348106319035,0.042335381167235626
Call,K-Means++,1.5,Normal,Fowlkes Mallows,0.2537051769444455,0.13847938692867498
Call,K-Means++,1.5,Normal,MI,0.16665132898266072,0.06711423095844582
Call,K-Means++,1.5,Normal,V Measure,0.16902934156249447,0.0694038810873454
Call,Spectral (NN),1.5,Laplace,ARI,0.04589807882853299,0.07694549590184081
Call,Spectral (NN),1.5,Laplace,Fowlkes Mallows,0.240403631149046,0.18683554769241106
Call,Spectral (NN),1.5,Laplace,MI,0.04980215549792187,0.1094927080876876
Call,Spectral (NN),1.5,Laplace,V Measure,0.05274028111330175,0.1118066136603366
Call,Spectral (NN),1.5,Normal,ARI,0.07814674252113664,0.2356705310009169
Call,Spectral (NN),1.5,Normal,Fowlkes Mallows,0.24479146483563102,0.3275830587853401
Call,Spectral (NN),1.5,Normal,MI,0.12962459931934334,0.30805978535780315
Call,Spectral (NN),1.5,Normal,V Measure,0.13211732610665056,0.3098296384201476
Call,Spectral (RBF),1.5,Laplace,ARI,0.0022185477688748604,0.08009619504309345
Call,Spectral (RBF),1.5,Laplace,Fowlkes Mallows,0.5218507999530736,0.2168037867550413
Call,Spectral (RBF),1.5,Laplace,MI,0.0016251180916944164,0.10030590991599464
Call,Spectral (RBF),1.5,Laplace,V Measure,0.005022454215367313,0.10244067675607037
Call,Spectral (RBF),1.5,Normal,ARI,0.07596980309914597,0.2074247444077956
Call,Spectral (RBF),1.5,Normal,Fowlkes Mallows,0.2419202364655685,0.2942662519617347
Call,Spectral (RBF),1.5,Normal,MI,0.136059297523461,0.28134795744756325
Call,Spectral (RBF),1.5,Normal,V Measure,0.13852851739923006,0.28314689603296483
Ceramic,Birch,1.5,Laplace,ARI,0.1774743496126011,0.045770207527577135
Ceramic,Birch,1.5,Laplace,Fowlkes Mallows,0.6097971369340032,0.5749233507089455
Ceramic,Birch,1.5,Laplace,MI,0.16051999403980502,0.04363154165888955
Ceramic,Birch,1.5,Laplace,V Measure,0.1679400685406568,0.052613323865118564
Ceramic,Birch,1.5,Normal,ARI,0.3467174843132145,0.17513487561031008
Ceramic,Birch,1.5,Normal,Fowlkes Mallows,0.6878779283420111,0.6247396660403998
Ceramic,Birch,1.5,Normal,MI,0.3232093305820753,0.16712612592721654
Ceramic,Birch,1.5,Normal,V Measure,0.32911640761637073,0.1747285231708531
Ceramic,Gaussian MM,1.5,Laplace,ARI,0.19418477405520854,0.04907867129798807
Ceramic,Gaussian MM,1.5,Laplace,Fowlkes Mallows,0.6123659911025688,0.5615157019192143
Ceramic,Gaussian MM,1.5,Laplace,MI,0.15921145820752294,0.04027118397117597
Ceramic,Gaussian MM,1.5,Laplace,V Measure,0.16673815939624842,0.049352278863223936
Ceramic,Gaussian MM,1.5,Normal,ARI,0.4853651242365341,0.29123353213800074
Ceramic,Gaussian MM,1.5,Normal,Fowlkes Mallows,0.7456149374733028,0.6554577227179482
Ceramic,Gaussian MM,1.5,Normal,MI,0.4202901258149989,0.2504171782427098
Ceramic,Gaussian MM,1.5,Normal,V Measure,0.4252096678684004,0.2568734458198486
Ceramic,HC (average),1.5,Laplace,ARI,0.19429797404338756,0.047062522709962896
Ceramic,HC (average),1.5,Laplace,Fowlkes Mallows,0.673196213097482,0.6948381523631516
Ceramic,HC (average),1.5,Laplace,MI,0.16469847831826734,0.04014301760768944
Ceramic,HC (average),1.5,Laplace,V Measure,0.17593646600470744,0.0548154044387567
Ceramic,HC (average),1.5,Normal,ARI,0.2541862754525802,0.07782139262648415
Ceramic,HC (average),1.5,Normal,Fowlkes Mallows,0.6902384530522033,0.6800457611944617
Ceramic,HC (average),1.5,Normal,MI,0.21224032880555607,0.06452780371067596
Ceramic,HC (average),1.5,Normal,V Measure,0.22245638826277692,0.07825010573468677
Ceramic,HC (complete),1.5,Laplace,ARI,0.15988255524128334,0.034227693631129666
Ceramic,HC (complete),1.5,Laplace,Fowlkes Mallows,0.6021192916424798,0.5712060456107325
Ceramic,HC (complete),1.5,Laplace,MI,0.14395551367278506,0.03256547341401282
Ceramic,HC (complete),1.5,Laplace,V Measure,0.1515296646780904,0.041668200966281405
Ceramic,HC (complete),1.5,Normal,ARI,0.1902312887512474,0.04822328072039345
Ceramic,HC (complete),1.5,Normal,Fowlkes Mallows,0.6092654565687685,0.5607756074240524
Ceramic,HC (complete),1.5,Normal,MI,0.1661172449407145,0.04300109362016651
Ceramic,HC (complete),1.5,Normal,V Measure,0.17336342325983314,0.05167525893175104
Ceramic,HC (single),1.5,Laplace,ARI,-1.0222275050517055e-05,0.000346034004351393
Ceramic,HC (single),1.5,Laplace,Fowlkes Mallows,0.6949131297126047,0.9770614414137556
Ceramic,HC (single),1.5,Laplace,MI,-0.00020149950478057224,0.00027971263562478636
Ceramic,HC (single),1.5,Laplace,V Measure,0.02081902260188068,0.013754566183628272
Ceramic,HC (single),1.5,Normal,ARI,0.0,0.0021966794380588184
Ceramic,HC (single),1.5,Normal,Fowlkes Mallows,0.6949962976228788,0.977322651805479
Ceramic,HC (single),1.5,Normal,MI,-1.989402495224504e-15,0.0021966794380584914
Ceramic,HC (single),1.5,Normal,V Measure,0.021029315759475423,0.01560766413373836
Ceramic,HC (ward),1.5,Laplace,ARI,0.2139088348536343,0.06442051457453216
Ceramic,HC (ward),1.5,Laplace,Fowlkes Mallows,0.6206387700730461,0.5685804609282826
Ceramic,HC (ward),1.5,Laplace,MI,0.1874768144179005,0.05961730740414393
Ceramic,HC (ward),1.5,Laplace,V Measure,0.19451973815689524,0.0681004234596618
Ceramic,HC (ward),1.5,Normal,ARI,0.3901525992240669,0.22174400986178147
Ceramic,HC (ward),1.5,Normal,Fowlkes Mallows,0.7044152407162185,0.6357844786401101
Ceramic,HC (ward),1.5,Normal,MI,0.3518868174735589,0.197962599165174
Ceramic,HC (ward),1.5,Normal,V Measure,0.3574725377693189,0.2050881109863825
Ceramic,K-Means,1.5,Laplace,ARI,0.3315905243946177,0.14080634205325934
Ceramic,K-Means,1.5,Laplace,Fowlkes Mallows,0.6667126725952204,0.5769384529590968
Ceramic,K-Means,1.5,Laplace,MI,0.268343390736242,0.11259826602389167
Ceramic,K-Means,1.5,Laplace,V Measure,0.2745128330366764,0.12015906860302865
Ceramic,K-Means,1.5,Normal,ARI,0.5398123927551196,0.36541366506819933
Ceramic,K-Means,1.5,Normal,Fowlkes Mallows,0.7699702432466314,0.6855052852662312
Ceramic,K-Means,1.5,Normal,MI,0.4586811494359427,0.30425216506096153
Ceramic,K-Means,1.5,Normal,V Measure,0.46323363085366,0.3101455611356983
Ceramic,K-Means (minibatch),1.5,Laplace,ARI,0.2030113933547792,0.05256016556811174
Ceramic,K-Means (minibatch),1.5,Laplace,Fowlkes Mallows,0.6151881330533824,0.5609662832644625
Ceramic,K-Means (minibatch),1.5,Laplace,MI,0.17025058749319158,0.0463237902024253
Ceramic,K-Means (minibatch),1.5,Laplace,V Measure,0.17751080357436474,0.0550476352757418
Ceramic,K-Means (minibatch),1.5,Normal,ARI,0.4891370090931886,0.3000405890328257
Ceramic,K-Means (minibatch),1.5,Normal,Fowlkes Mallows,0.7469723285104566,0.6586899560181907
Ceramic,K-Means (minibatch),1.5,Normal,MI,0.4193639096195305,0.2553972989257825
Ceramic,K-Means (minibatch),1.5,Normal,V Measure,0.4242843180094748,0.26179437424647845
Ceramic,K-Means++,1.5,Laplace,ARI,0.3506549897955009,0.15159647658797054
Ceramic,K-Means++,1.5,Laplace,Fowlkes Mallows,0.6760971990469232,0.5820512346211043
Ceramic,K-Means++,1.5,Laplace,MI,0.2865941605676248,0.1223811015402543
Ceramic,K-Means++,1.5,Laplace,V Measure,0.29260704809053706,0.12985308664499104
Ceramic,K-Means++,1.5,Normal,ARI,0.5578721280325465,0.37612453040024296
Ceramic,K-Means++,1.5,Normal,Fowlkes Mallows,0.7793615737784004,0.6918533775414449
Ceramic,K-Means++,1.5,Normal,MI,0.4815567546904165,0.3183026647854826
Ceramic,K-Means++,1.5,Normal,V Measure,0.4859218109342086,0.3240913460749041
Ceramic,Spectral (NN),1.5,Laplace,ARI,0.3051026775543838,0.11842683310792575
Ceramic,Spectral (NN),1.5,Laplace,Fowlkes Mallows,0.6573092549140285,0.5750352440852905
Ceramic,Spectral (NN),1.5,Laplace,MI,0.2560585759357277,0.10036997175276167
Ceramic,Spectral (NN),1.5,Laplace,V Measure,0.2623869030077098,0.10817347049030954
Ceramic,Spectral (NN),1.5,Normal,ARI,0.5277028509466904,0.3541802916157178
Ceramic,Spectral (NN),1.5,Normal,Fowlkes Mallows,0.7672536495287651,0.6873955134451629
Ceramic,Spectral (NN),1.5,Normal,MI,0.4612030274803556,0.30483047606911673
Ceramic,Spectral (NN),1.5,Normal,V Measure,0.465783057289318,0.31083169615317363
Ceramic,Spectral (RBF),1.5,Laplace,ARI,0.175888052690056,0.04439560220342045
Ceramic,Spectral (RBF),1.5,Laplace,Fowlkes Mallows,0.6572188064748282,0.6801415670807247
Ceramic,Spectral (RBF),1.5,Laplace,MI,0.1645892107444758,0.041263099978375205
Ceramic,Spectral (RBF),1.5,Laplace,V Measure,0.17474234829128196,0.05525097645462492
Ceramic,Spectral (RBF),1.5,Normal,ARI,0.562658042501323,0.3831674470177436
Ceramic,Spectral (RBF),1.5,Normal,Fowlkes Mallows,0.7844644634841202,0.7010554566161792
Ceramic,Spectral (RBF),1.5,Normal,MI,0.4967366162500846,0.3287959607815522
Ceramic,Spectral (RBF),1.5,Normal,V Measure,0.5010968702700921,0.3347486651318908
Iris,Birch,1.5,Laplace,ARI,0.12396298867260905,0.03333921420650263
Iris,Birch,1.5,Laplace,Fowlkes Mallows,0.43767418317946094,0.4086446893585878
Iris,Birch,1.5,Laplace,MI,0.12518687883766824,0.03255495107890728
Iris,Birch,1.5,Laplace,V Measure,0.13662447799834,0.045983642425778036
Iris,Birch,1.5,Normal,ARI,0.19020420064006924,0.07530823031157312
Iris,Birch,1.5,Normal,Fowlkes Mallows,0.4739428859975998,0.4191343564396959
Iris,Birch,1.5,Normal,MI,0.20462930608183794,0.08030403638621085
Iris,Birch,1.5,Normal,V Measure,0.2148193816633523,0.0925514635764053
Iris,Gaussian MM,1.5,Laplace,ARI,0.06296531537700173,0.008453302254313077
Iris,Gaussian MM,1.5,Laplace,Fowlkes Mallows,0.4212890806149223,0.4461430355837206
Iris,Gaussian MM,1.5,Laplace,MI,0.0747491171929677,0.01115591854364939
Iris,Gaussian MM,1.5,Laplace,V Measure,0.08750820813457989,0.02655882777821968
Iris,Gaussian MM,1.5,Normal,ARI,0.19112179951494127,0.07568521452066825
Iris,Gaussian MM,1.5,Normal,Fowlkes Mallows,0.4709402248894324,0.4108572457723984
Iris,Gaussian MM,1.5,Normal,MI,0.19514287683973527,0.07462609024162696
Iris,Gaussian MM,1.5,Normal,V Measure,0.20537206296167926,0.08672982696657425
Iris,HC (average),1.5,Laplace,ARI,0.0003780818238567112,0.00019896014158350036
Iris,HC (average),1.5,Laplace,Fowlkes Mallows,0.5568386618759651,0.9421099213142228
Iris,HC (average),1.5,Laplace,MI,0.00647769097208256,0.00012190174471076218
Iris,HC (average),1.5,Laplace,V Measure,0.03185441794129516,0.021105996664710858
Iris,HC (average),1.5,Normal,ARI,0.027369150360222975,0.0032488646029426023
Iris,HC (average),1.5,Normal,Fowlkes Mallows,0.5495658976253267,0.8649700332375342
Iris,HC (average),1.5,Normal,MI,0.04198594189903485,0.003767805231938234
Iris,HC (average),1.5,Normal,V Measure,0.06473912808143621,0.026308716458465317
Iris,HC (complete),1.5,Laplace,ARI,0.07780941656004718,0.01871493158197877
Iris,HC (complete),1.5,Laplace,Fowlkes Mallows,0.40828261965528745,0.4004289677016285
Iris,HC (complete),1.5,Laplace,MI,0.07905643232224571,0.015101947674674225
Iris,HC (complete),1.5,Laplace,V Measure,0.09102857136042816,0.0286323187108684
Iris,HC (complete),1.5,Normal,ARI,0.0956822334573522,0.022913100239418584
Iris,HC (complete),1.5,Normal,Fowlkes Mallows,0.4209153119357134,0.40513692813316027
Iris,HC (complete),1.5,Normal,MI,0.09906141160150392,0.02075660610288454
Iris,HC (complete),1.5,Normal,V Measure,0.11081005722260144,0.034286553082519364
Iris,HC (single),1.5,Laplace,ARI,2.0783770472315218e-06,-0.0010011994755674061
Iris,HC (single),1.5,Laplace,Fowlkes Mallows,0.5651446208840462,0.9711641655450518
Iris,HC (single),1.5,Laplace,MI,0.0005537408529347782,-0.0008118603376551935
Iris,HC (single),1.5,Laplace,V Measure,0.02573237165382288,0.015223331992630932
Iris,HC (single),1.5,Normal,ARI,3.4419563311641755e-05,0.0008452910458896491
Iris,HC (single),1.5,Normal,Fowlkes Mallows,0.5652394659976572,0.9714812913381802
Iris,HC (single),1.5,Normal,MI,0.0007723957829740111,0.0007084934342415442
Iris,HC (single),1.5,Normal,V Measure,0.025936795415081964,0.01667386511129863
Iris,HC (ward),1.5,Laplace,ARI,0.1167370294947617,0.02966366654030175
Iris,HC (ward),1.5,Laplace,Fowlkes Mallows,0.4273553778539402,0.3935251305175378
Iris,HC (ward),1.5,Laplace,MI,0.11479020663102568,0.02877341299732176
Iris,HC (ward),1.5,Laplace,V Measure,0.12619199344937596,0.0418531966864004
Iris,HC (ward),1.5,Normal,ARI,0.1962770876871199,0.08502745186098212
Iris,HC (ward),1.5,Normal,Fowlkes Mallows,0.47422464064449293,0.4167195909299322
Iris,HC (ward),1.5,Normal,MI,0.20089469637690754,0.08345853929327371
Iris,HC (ward),1.5,Normal,V Measure,0.2110401640720718,0.0954268440950937
Iris,K-Means,1.5,Laplace,ARI,0.1648288959970184,0.057865864811263476
Iris,K-Means,1.5,Laplace,Fowlkes Mallows,0.4468368149072864,0.3843829634193846
Iris,K-Means,1.5,Laplace,MI,0.15840502223880887,0.0514813202352268
Iris,K-Means,1.5,Laplace,V Measure,0.16898046900646513,0.06360320525116309
Iris,K-Means,1.5,Normal,ARI,0.2413152765119979,0.11820259976660187
Iris,K-Means,1.5,Normal,Fowlkes Mallows,0.494985245231704,0.4177893680579407
Iris,K-Means,1.5,Normal,MI,0.2387359332792034,0.10954304474427468
Iris,K-Means,1.5,Normal,V Measure,0.2482255074263444,0.12073966122900638
Iris,K-Means (minibatch),1.5,Laplace,ARI,0.1505677247401346,0.04868579745290656
Iris,K-Means (minibatch),1.5,Laplace,Fowlkes Mallows,0.4403886973744525,0.3850329406845018
Iris,K-Means (minibatch),1.5,Laplace,MI,0.14529664705770168,0.043334568961044144
Iris,K-Means (minibatch),1.5,Laplace,V Measure,0.15609954205031715,0.0557049266017297
Iris,K-Means (minibatch),1.5,Normal,ARI,0.23066672259445944,0.10695708064702966
Iris,K-Means (minibatch),1.5,Normal,Fowlkes Mallows,0.4887117721038267,0.4122534371783989
Iris,K-Means (minibatch),1.5,Normal,MI,0.22952013766687301,0.0999383531545584
Iris,K-Means (minibatch),1.5,Normal,V Measure,0.2391417409844391,0.11129604132112242
Iris,K-Means++,1.5,Laplace,ARI,0.16208303867795604,0.05486722084033252
Iris,K-Means++,1.5,Laplace,Fowlkes Mallows,0.4457404581011497,0.38406197152165705
Iris,K-Means++,1.5,Laplace,MI,0.15556100265432826,0.04913700396943083
Iris,K-Means++,1.5,Laplace,V Measure,0.1661755418233562,0.06129819811462185
Iris,K-Means++,1.5,Normal,ARI,0.23013360943202124,0.10598897847366702
Iris,K-Means++,1.5,Normal,Fowlkes Mallows,0.4871409839777581,0.4088209860679085
Iris,K-Means++,1.5,Normal,MI,0.228022912158379,0.1002071625317023
Iris,K-Means++,1.5,Normal,V Measure,0.23763873200028415,0.11150388078618956
Iris,Spectral (NN),1.5,Laplace,ARI,0.14083398691411245,0.04370869136944749
Iris,Spectral (NN),1.5,Laplace,Fowlkes Mallows,0.4343359288920128,0.3826188917509539
Iris,Spectral (NN),1.5,Laplace,MI,0.13706285159938478,0.04139132369806249
Iris,Spectral (NN),1.5,Laplace,V Measure,0.14795792135404598,0.05376905842763127
Iris,Spectral (NN),1.5,Normal,ARI,0.2141142708897296,0.09916042651115008
Iris,Spectral (NN),1.5,Normal,Fowlkes Mallows,0.4802640822634116,0.4128791823064707
Iris,Spectral (NN),1.5,Normal,MI,0.2150244564150632,0.09724474863267753
Iris,Spectral (NN),1.5,Normal,V Measure,0.2248778348058603,0.10875703483791516
Iris,Spectral (RBF),1.5,Laplace,ARI,0.08234328875375124,0.02269453100119451
Iris,Spectral (RBF),1.5,Laplace,Fowlkes Mallows,0.5113752764117493,0.6547139551199835
Iris,Spectral (RBF),1.5,Laplace,MI,0.09219321117587016,0.018969374636603205
Iris,Spectral (RBF),1.5,Laplace,V Measure,0.11017496726575604,0.040804278697057286
Iris,Spectral (RBF),1.5,Normal,ARI,0.20236294220135748,0.09521867531571096
Iris,Spectral (RBF),1.5,Normal,Fowlkes Mallows,0.4873932625867631,0.4436198540550116
Iris,Spectral (RBF),1.5,Normal,MI,0.218012680858484,0.09880856504035662
Iris,Spectral (RBF),1.5,Normal,V Measure,0.2282873794060296,0.11138403319803164
Psychiatrist,Birch,1.5,Laplace,ARI,0.023135391719962185,0.008732658655142094
Psychiatrist,Birch,1.5,Laplace,Fowlkes Mallows,0.6345506880860396,0.6230084983843723
Psychiatrist,Birch,1.5,Laplace,MI,0.016670287274567878,0.006744866806576553
Psychiatrist,Birch,1.5,Laplace,V Measure,0.05297406166394848,0.0442277475413142
Psychiatrist,Birch,1.5,Normal,ARI,0.07248675968083604,0.032290141974518516
Psychiatrist,Birch,1.5,Normal,Fowlkes Mallows,0.6427072633563514,0.6128118556984224
Psychiatrist,Birch,1.5,Normal,MI,0.06325728005277352,0.02487590220169785
Psychiatrist,Birch,1.5,Normal,V Measure,0.09678698233829752,0.05961198623593774
Psychiatrist,Gaussian MM,1.5,Laplace,ARI,0.01157203561089258,0.0029825965328684817
Psychiatrist,Gaussian MM,1.5,Laplace,Fowlkes Mallows,0.6295404373457498,0.6205741056848036
Psychiatrist,Gaussian MM,1.5,Laplace,MI,0.009760979196177182,0.0031319909361005984
Psychiatrist,Gaussian MM,1.5,Laplace,V Measure,0.046246711706319166,0.04065385268731088
Psychiatrist,Gaussian MM,1.5,Normal,ARI,0.01790133368645521,0.008773991555412903
Psychiatrist,Gaussian MM,1.5,Normal,Fowlkes Mallows,0.607312906285571,0.5745484131935644
Psychiatrist,Gaussian MM,1.5,Normal,MI,0.03113605436082137,0.007927661904940113
Psychiatrist,Gaussian MM,1.5,Normal,V Measure,0.06420852267966047,0.040490767799333104
Psychiatrist,HC (average),1.5,Laplace,ARI,-0.00032176173511057923,-0.0034414524272675627
Psychiatrist,HC (average),1.5,Laplace,Fowlkes Mallows,0.7632450417432264,0.9249797686090458
Psychiatrist,HC (average),1.5,Laplace,MI,0.0003449797107085409,-0.0032969013226475012
Psychiatrist,HC (average),1.5,Laplace,V Measure,0.054172095340868066,0.03882170836211463
Psychiatrist,HC (average),1.5,Normal,ARI,-0.0014992725475805055,0.0016367664553428856
Psychiatrist,HC (average),1.5,Normal,Fowlkes Mallows,0.7491299288446497,0.8925397057549346
Psychiatrist,HC (average),1.5,Normal,MI,0.0036578430743075775,0.0021682557127230637
Psychiatrist,HC (average),1.5,Normal,V Measure,0.05566478519710785,0.047190950650956284
Psychiatrist,HC (complete),1.5,Laplace,ARI,-0.003461427511913974,0.0007861480582244577
Psychiatrist,HC (complete),1.5,Laplace,Fowlkes Mallows,0.6667663323438909,0.7067892175218166
Psychiatrist,HC (complete),1.5,Laplace,MI,0.0040811602022432295,0.0006170145760248601
Psychiatrist,HC (complete),1.5,Laplace,V Measure,0.04603967692946204,0.045281630012312786
Psychiatrist,HC (complete),1.5,Normal,ARI,0.021366590540001288,0.010761536837032178
Psychiatrist,HC (complete),1.5,Normal,Fowlkes Mallows,0.6174610313473231,0.5931895295623819
Psychiatrist,HC (complete),1.5,Normal,MI,0.02581976224802637,0.015139371544899088
Psychiatrist,HC (complete),1.5,Normal,V Measure,0.05979035819037725,0.04861365692876275
Psychiatrist,HC (single),1.5,Laplace,ARI,-0.0057040058667155655,-0.00459806736548243
Psychiatrist,HC (single),1.5,Laplace,Fowlkes Mallows,0.76450861589496,0.9311334815241225
Psychiatrist,HC (single),1.5,Laplace,MI,-0.0036637941082568342,-0.004594350421698285
Psychiatrist,HC (single),1.5,Laplace,V Measure,0.050685972936275636,0.03678866408427685
Psychiatrist,HC (single),1.5,Normal,ARI,0.006335002686203811,0.002342247152043286
Psychiatrist,HC (single),1.5,Normal,Fowlkes Mallows,0.7680991678075991,0.9328642164579328
Psychiatrist,HC (single),1.5,Normal,MI,0.0034660282583896837,0.002300411579811054
Psychiatrist,HC (single),1.5,Normal,V Measure,0.057484462722920016,0.04322936061032578
Psychiatrist,HC (ward),1.5,Laplace,ARI,0.023044712121943846,0.007833764590685762
Psychiatrist,HC (ward),1.5,Laplace,Fowlkes Mallows,0.6246964261349311,0.6044243298093325
Psychiatrist,HC (ward),1.5,Laplace,MI,0.02025919200562067,0.009162506059063135
Psychiatrist,HC (ward),1.5,Laplace,V Measure,0.055405892152192986,0.044899154038270266
Psychiatrist,HC (ward),1.5,Normal,ARI,0.020582546545884508,0.029125152402745737
Psychiatrist,HC (ward),1.5,Normal,Fowlkes Mallows,0.6013086452505217,0.5715469864252398
Psychiatrist,HC (ward),1.5,Normal,MI,0.02544255256482285,0.033762198329732665
Psychiatrist,HC (ward),1.5,Normal,V Measure,0.057760140114178536,0.06357854083693383
Psychiatrist,K-Means,1.5,Laplace,ARI,0.030019108630173062,0.006917886340339434
Psychiatrist,K-Means,1.5,Laplace,Fowlkes Mallows,0.6008612825782063,0.5548386137563497
Psychiatrist,K-Means,1.5,Laplace,MI,0.02132453577747313,0.005966350489643435
Psychiatrist,K-Means,1.5,Laplace,V Measure,0.053634755169324366,0.03661524005968562
Psychiatrist,K-Means,1.5,Normal,ARI,0.06326903745515622,0.02427576121391617
Psychiatrist,K-Means,1.5,Normal,Fowlkes Mallows,0.6060794613808835,0.5449422831522336
Psychiatrist,K-Means,1.5,Normal,MI,0.04716712528542207,0.018353434871568597
Psychiatrist,K-Means,1.5,Normal,V Measure,0.07758760199882041,0.046707556388121074
Psychiatrist,K-Means (minibatch),1.5,Laplace,ARI,0.031811542439846,0.005987001037324143
Psychiatrist,K-Means (minibatch),1.5,Laplace,Fowlkes Mallows,0.6384857004463778,0.6245295276723605
Psychiatrist,K-Means (minibatch),1.5,Laplace,MI,0.02576551874484918,0.005063214073791222
Psychiatrist,K-Means (minibatch),1.5,Laplace,V Measure,0.06212510015891892,0.04327067499872639
Psychiatrist,K-Means (minibatch),1.5,Normal,ARI,0.0513750971025962,0.02342526364657356
Psychiatrist,K-Means (minibatch),1.5,Normal,Fowlkes Mallows,0.6245828764117948,0.5888017258603531
Psychiatrist,K-Means (minibatch),1.5,Normal,MI,0.04146087332175525,0.01627914913403501
Psychiatrist,K-Means (minibatch),1.5,Normal,V Measure,0.07461131238148706,0.049453857826668265
Psychiatrist,K-Means++,1.5,Laplace,ARI,0.002005399760087545,0.007455228304321301
Psychiatrist,K-Means++,1.5,Laplace,Fowlkes Mallows,0.6008101143477629,0.5734526484510903
Psychiatrist,K-Means++,1.5,Laplace,MI,0.017218532549996942,0.005064260144565936
Psychiatrist,K-Means++,1.5,Laplace,V Measure,0.05072553824957618,0.03781347754757952
Psychiatrist,K-Means++,1.5,Normal,ARI,0.03231671987166719,0.021491880417189885
Psychiatrist,K-Means++,1.5,Normal,Fowlkes Mallows,0.5948115052400711,0.546634237119057
Psychiatrist,K-Means++,1.5,Normal,MI,0.04160750698228067,0.01729315818997485
Psychiatrist,K-Means++,1.5,Normal,V Measure,0.07237000958411689,0.0459891198654716
Psychiatrist,Spectral (NN),1.5,Laplace,ARI,0.019237113239836904,0.008769957063940313
Psychiatrist,Spectral (NN),1.5,Laplace,Fowlkes Mallows,0.5841037433794853,0.5308505118383122
Psychiatrist,Spectral (NN),1.5,Laplace,MI,0.011251333364194116,0.008604865850653436
Psychiatrist,Spectral (NN),1.5,Laplace,V Measure,0.04247361668510211,0.03644471367439917
Psychiatrist,Spectral (NN),1.5,Normal,ARI,0.03046047330968072,0.0468513004118463
Psychiatrist,Spectral (NN),1.5,Normal,Fowlkes Mallows,0.5814143763831637,0.5364002343445434
Psychiatrist,Spectral (NN),1.5,Normal,MI,0.034367648891749765,0.043034880702818974
Psychiatrist,Spectral (NN),1.5,Normal,V Measure,0.0641134410212618,0.06884490858100624
Psychiatrist,Spectral (RBF),1.5,Laplace,ARI,0.0055307970802370605,0.002681339647242165
Psychiatrist,Spectral (RBF),1.5,Laplace,Fowlkes Mallows,0.6411977715853082,0.6477278956193444
Psychiatrist,Spectral (RBF),1.5,Laplace,MI,0.018113892335879383,0.0053754795807830725
Psychiatrist,Spectral (RBF),1.5,Laplace,V Measure,0.0559094680243701,0.04527748869073839
Psychiatrist,Spectral (RBF),1.5,Normal,ARI,0.015201601686084662,0.022337807976728838
Psychiatrist,Spectral (RBF),1.5,Normal,Fowlkes Mallows,0.6206948204712541,0.6061676065534188
Psychiatrist,Spectral (RBF),1.5,Normal,MI,0.035128267346828536,0.02926962614278103
Psychiatrist,Spectral (RBF),1.5,Normal,V Measure,0.0695313689021827,0.06369174153339714
Spam base,Gaussian MM,1.5,Laplace,ARI,0.10471877990947494,0.04371334416866262
Spam base,Gaussian MM,1.5,Laplace,Fowlkes Mallows,0.5629188086897573,0.5231846145744814
Spam base,Gaussian MM,1.5,Laplace,MI,0.08698481297888605,0.03165843948536889
Spam base,Gaussian MM,1.5,Laplace,V Measure,0.08713054249056185,0.031810636898946705
Spam base,Gaussian MM,1.5,Normal,ARI,0.34898951582735266,0.4275113412820471
Spam base,Gaussian MM,1.5,Normal,Fowlkes Mallows,0.6819393940997754,0.7140380807958148
Spam base,Gaussian MM,1.5,Normal,MI,0.2997555213139875,0.3363560738245613
Spam base,Gaussian MM,1.5,Normal,V Measure,0.2998672159479729,0.33646024473203673
Spam base,HC (average),1.5,Laplace,ARI,0.10376794747934967,0.034341533442255975
Spam base,HC (average),1.5,Laplace,Fowlkes Mallows,0.5766707814823885,0.548688032310671
Spam base,HC (average),1.5,Laplace,MI,0.0696383399311352,0.02152420940722747
Spam base,HC (average),1.5,Laplace,V Measure,0.06979102729552605,0.021686693256412683
Spam base,HC (average),1.5,Normal,ARI,0.2530951534873998,0.18933981229564326
Spam base,HC (average),1.5,Normal,Fowlkes Mallows,0.6417206645580309,0.6098371303916018
Spam base,HC (average),1.5,Normal,MI,0.189946345646612,0.14399232983366814
Spam base,HC (average),1.5,Normal,V Measure,0.1900773769974408,0.14413050802381525
Spam base,HC (complete),1.5,Laplace,ARI,0.00431381016591935,0.00016589481870529438
Spam base,HC (complete),1.5,Laplace,Fowlkes Mallows,0.5425237258530239,0.5594705130794891
Spam base,HC (complete),1.5,Laplace,MI,0.0023084281663936484,6.667550043029156e-05
Spam base,HC (complete),1.5,Laplace,V Measure,0.002475941366303861,0.0002407988082026709
Spam base,HC (complete),1.5,Normal,ARI,0.0044509287670287025,0.0001826864901649329
Spam base,HC (complete),1.5,Normal,Fowlkes Mallows,0.5416469463353221,0.5575393619197299
Spam base,HC (complete),1.5,Normal,MI,0.0027837723165876033,8.625352395014488e-05
Spam base,HC (complete),1.5,Normal,V Measure,0.0029507417532228858,0.0002593722140412093
Spam base,HC (single),1.5,Laplace,ARI,2.297336969964364e-06,-1.5327184892408828e-05
Spam base,HC (single),1.5,Laplace,Fowlkes Mallows,0.7225809602595326,0.9995653052260836
Spam base,HC (single),1.5,Laplace,MI,1.6574304244786503e-06,-1.532718575827329e-05
Spam base,HC (single),1.5,Laplace,V Measure,0.0004350898852869118,0.000225059127570849
Spam base,HC (single),1.5,Normal,ARI,-1.699107069209037e-05,0.0020053140096616077
Spam base,HC (single),1.5,Normal,Fowlkes Mallows,0.7225745848440429,0.9995661835747882
Spam base,HC (single),1.5,Normal,MI,-1.2258331233864556e-05,0.0020053140087979613
Spam base,HC (single),1.5,Normal,V Measure,0.0004211801551813024,0.0022452145950843487
Spam base,HC (ward),1.5,Laplace,ARI,0.07694967063560078,0.021205654597534342
Spam base,HC (ward),1.5,Laplace,Fowlkes Mallows,0.567306546336351,0.5494822082116241
Spam base,HC (ward),1.5,Laplace,MI,0.05977102789845359,0.017896760206635266
Spam base,HC (ward),1.5,Laplace,V Measure,0.05992628116308173,0.01806186866392845
Spam base,HC (ward),1.5,Normal,ARI,0.22097454963057914,0.1620304129952789
Spam base,HC (ward),1.5,Normal,Fowlkes Mallows,0.6276506532822643,0.5995191041085631
Spam base,HC (ward),1.5,Normal,MI,0.17565161356583675,0.13234163306047336
Spam base,HC (ward),1.5,Normal,V Measure,0.17578529239978252,0.1324823951037665
Spam base,K-Means,1.5,Laplace,ARI,0.2004579190321725,0.17486577714734847
Spam base,K-Means,1.5,Laplace,Fowlkes Mallows,0.6093767978477233,0.5879790757504411
Spam base,K-Means,1.5,Laplace,MI,0.15642387470765742,0.13019751251603828
Spam base,K-Means,1.5,Laplace,V Measure,0.15655844778578304,0.13033407749991818
Spam base,K-Means,1.5,Normal,ARI,0.2885004810274718,0.3231311009873448
Spam base,K-Means,1.5,Normal,Fowlkes Mallows,0.6529864424030792,0.6631052529875227
Spam base,K-Means,1.5,Normal,MI,0.22342957678836847,0.2467946091408267
Spam base,K-Means,1.5,Normal,V Measure,0.22355360770899504,0.2469131449826249
Spam base,Spectral (NN),1.5,Laplace,ARI,0.1445256234558373,0.1270761667032442
Spam base,Spectral (NN),1.5,Laplace,Fowlkes Mallows,0.5861822453824623,0.5740811550366367
Spam base,Spectral (NN),1.5,Laplace,MI,0.12646155548328702,0.09575469135081063
Spam base,Spectral (NN),1.5,Laplace,V Measure,0.126601926545274,0.095899325079729
Spam base,Spectral (NN),1.5,Normal,ARI,-0.003636669986164911,0.7979429188269794
Spam base,Spectral (NN),1.5,Normal,Fowlkes Mallows,0.6975143824522354,0.97369558798654
Spam base,Spectral (NN),1.5,Normal,MI,0.03882038932432152,0.6851129498496996
Spam base,Spectral (NN),1.5,Normal,V Measure,0.03908344605192508,0.6853794683436655
Spam base,Spectral (RBF),1.5,Laplace,ARI,0.15465889608663366,0.16594824552721005
Spam base,Spectral (RBF),1.5,Laplace,Fowlkes Mallows,0.5878251072542942,0.5850895273260809
Spam base,Spectral (RBF),1.5,Laplace,MI,0.13099036991161067,0.12371994432198495
Spam base,Spectral (RBF),1.5,Laplace,V Measure,0.1311291957585034,0.1238579028415115
Spam base,Spectral (RBF),1.5,Normal,ARI,0.1898199162888648,0.2839124683452867
Spam base,Spectral (RBF),1.5,Normal,Fowlkes Mallows,0.6052178945036996,0.6441877535294276
Spam base,Spectral (RBF),1.5,Normal,MI,0.16627364271333447,0.21561036285007187
Spam base,Spectral (RBF),1.5,Normal,V Measure,0.16640688941985204,0.2157339582287698
Statlog,Birch,1.5,Laplace,ARI,0.02967500293522812,0.007129320975281084
Statlog,Birch,1.5,Laplace,Fowlkes Mallows,0.188399225253758,0.1928932739180147
Statlog,Birch,1.5,Laplace,MI,0.04445544190953303,0.01362576870212693
Statlog,Birch,1.5,Laplace,V Measure,0.04856114737619565,0.0180779354354041
Statlog,Birch,1.5,Normal,ARI,0.07859149959194346,0.0416670735333266
Statlog,Birch,1.5,Normal,Fowlkes Mallows,0.2296956172762892,0.22073951982882728
Statlog,Birch,1.5,Normal,MI,0.11662321263662845,0.06900157270146037
Statlog,Birch,1.5,Normal,V Measure,0.12046838638225592,0.0732633939684058
Statlog,Gaussian MM,1.5,Laplace,ARI,0.009352113837322559,0.0015245242553880126
Statlog,Gaussian MM,1.5,Laplace,Fowlkes Mallows,0.16124172131609776,0.16619728500489345
Statlog,Gaussian MM,1.5,Laplace,MI,0.015817520475076355,0.0026209168999828665
Statlog,Gaussian MM,1.5,Laplace,V Measure,0.019876501095447845,0.006836945869696407
Statlog,Gaussian MM,1.5,Normal,ARI,0.08562924701313193,0.042392530411315486
Statlog,Gaussian MM,1.5,Normal,Fowlkes Mallows,0.22953811671398786,0.20791670386927968
Statlog,Gaussian MM,1.5,Normal,MI,0.11433952771318813,0.06039947553611534
Statlog,Gaussian MM,1.5,Normal,V Measure,0.11810432182696685,0.06456080546889685
Statlog,HC (average),1.5,Laplace,ARI,0.10546206813944516,0.10488080166957738
Statlog,HC (average),1.5,Laplace,Fowlkes Mallows,0.2904073424398015,0.3557805337933958
Statlog,HC (average),1.5,Laplace,MI,0.12672901305330714,0.05913402227541545
Statlog,HC (average),1.5,Laplace,V Measure,0.1307266638838731,0.06418973391987656
Statlog,HC (average),1.5,Normal,ARI,0.18920331118143868,0.29738683328932364
Statlog,HC (average),1.5,Normal,Fowlkes Mallows,0.37458817716778425,0.5164261444858113
Statlog,HC (average),1.5,Normal,MI,0.24942042035246356,0.2026807518238764
Statlog,HC (average),1.5,Normal,V Measure,0.2530196785153808,0.2073253232142899
Statlog,HC (complete),1.5,Laplace,ARI,0.06989180948880364,0.026292622581077105
Statlog,HC (complete),1.5,Laplace,Fowlkes Mallows,0.2105933740885268,0.182359896680159
Statlog,HC (complete),1.5,Laplace,MI,0.10107987704367688,0.03439918414463311
Statlog,HC (complete),1.5,Laplace,V Measure,0.10475855916001388,0.03842043084460394
Statlog,HC (complete),1.5,Normal,ARI,0.1656297326955983,0.11596645033786032
Statlog,HC (complete),1.5,Normal,Fowlkes Mallows,0.29703591664481993,0.26798065606509885
Statlog,HC (complete),1.5,Normal,MI,0.22025365818646855,0.13105737316927674
Statlog,HC (complete),1.5,Normal,V Measure,0.22348119873842145,0.13476272704876774
Statlog,HC (single),1.5,Laplace,ARI,-1.5107012006780546e-08,0.00021142823812589576
Statlog,HC (single),1.5,Laplace,Fowlkes Mallows,0.3764874978590545,0.9947859832959776
Statlog,HC (single),1.5,Laplace,MI,9.580300972834716e-06,0.00021341773313762294
Statlog,HC (single),1.5,Laplace,V Measure,0.005157576283647547,0.003114935430125319
Statlog,HC (single),1.5,Normal,ARI,2.6590099168715327e-07,0.0019392476492437558
Statlog,HC (single),1.5,Normal,Fowlkes Mallows,0.3764910839528929,0.9948122649285196
Statlog,HC (single),1.5,Normal,MI,-4.627906919679782e-07,0.001944124855011689
Statlog,HC (single),1.5,Normal,V Measure,0.005141093666942224,0.004835292315512834
Statlog,HC (ward),1.5,Laplace,ARI,0.09793463924686444,0.04231257235995056
Statlog,HC (ward),1.5,Laplace,Fowlkes Mallows,0.23734104549903784,0.20201887250527176
Statlog,HC (ward),1.5,Laplace,MI,0.13041465385215845,0.049666490607308336
Statlog,HC (ward),1.5,Laplace,V Measure,0.13399824315372294,0.05368201509928223
Statlog,HC (ward),1.5,Normal,ARI,0.21116795596522386,0.14727437296216314
Statlog,HC (ward),1.5,Normal,Fowlkes Mallows,0.3332356672141563,0.28898095840619914
Statlog,HC (ward),1.5,Normal,MI,0.2677887495203369,0.17524318638543004
Statlog,HC (ward),1.5,Normal,V Measure,0.2708038082154449,0.17872226041943973
Statlog,K-Means,1.5,Laplace,ARI,0.07694926355046365,0.03400602729386259
Statlog,K-Means,1.5,Laplace,Fowlkes Mallows,0.21201367803639573,0.17909954520283894
Statlog,K-Means,1.5,Laplace,MI,0.09237184424353104,0.03714400405939584
Statlog,K-Means,1.5,Laplace,V Measure,0.09605616823370723,0.041087877257071234
Statlog,K-Means,1.5,Normal,ARI,0.13127035036895915,0.08691352310186816
Statlog,K-Means,1.5,Normal,Fowlkes Mallows,0.2650397719279731,0.2380168091481884
Statlog,K-Means,1.5,Normal,MI,0.17293734978682174,0.11884672810354314
Statlog,K-Means,1.5,Normal,V Measure,0.17647489432569766,0.12274636037380805
Statlog,K-Means (minibatch),1.5,Laplace,ARI,0.05610052132210886,0.018858486636855742
Statlog,K-Means (minibatch),1.5,Laplace,Fowlkes Mallows,0.19735989447491267,0.1728888167273972
Statlog,K-Means (minibatch),1.5,Laplace,MI,0.07571366369880063,0.02492833984949464
Statlog,K-Means (minibatch),1.5,Laplace,V Measure,0.07950708512764107,0.029008024379374688
Statlog,K-Means (minibatch),1.5,Normal,ARI,0.1066941380664648,0.06360323335874107
Statlog,K-Means (minibatch),1.5,Normal,Fowlkes Mallows,0.23936286184144626,0.2082992644624244
Statlog,K-Means (minibatch),1.5,Normal,MI,0.14257767244972766,0.08191714512270082
Statlog,K-Means (minibatch),1.5,Normal,V Measure,0.1460981083182768,0.08575791978499588
Statlog,K-Means++,1.5,Laplace,ARI,0.07690383574553084,0.03409244399500328
Statlog,K-Means++,1.5,Laplace,Fowlkes Mallows,0.21211191292998888,0.1794623383772591
Statlog,K-Means++,1.5,Laplace,MI,0.09192780697167198,0.037618779260706586
Statlog,K-Means++,1.5,Laplace,V Measure,0.09561557566109144,0.04156462803758183
Statlog,K-Means++,1.5,Normal,ARI,0.1316076471144267,0.08694264357804382
Statlog,K-Means++,1.5,Normal,Fowlkes Mallows,0.2655490217748623,0.23851528059563465
Statlog,K-Means++,1.5,Normal,MI,0.17255308273373693,0.11722713723088775
Statlog,K-Means++,1.5,Normal,V Measure,0.17609812816613868,0.1211425551680818
Statlog,Spectral (NN),1.5,Laplace,ARI,0.16093016333219073,0.07994310857326441
Statlog,Spectral (NN),1.5,Laplace,Fowlkes Mallows,0.28664712918070256,0.2243630356724611
Statlog,Spectral (NN),1.5,Laplace,MI,0.1965456548648653,0.09600144153552807
Statlog,Spectral (NN),1.5,Laplace,V Measure,0.19983549864176894,0.0997698116863476
Statlog,Spectral (NN),1.5,Normal,ARI,0.2840386892081356,0.2196319097797799
Statlog,Spectral (NN),1.5,Normal,Fowlkes Mallows,0.3890337617212974,0.337153150819845
Statlog,Spectral (NN),1.5,Normal,MI,0.3370020713017983,0.2565154116716289
Statlog,Spectral (NN),1.5,Normal,V Measure,0.33969194314281337,0.2595576624109883
Statlog,Spectral (RBF),1.5,Laplace,ARI,0.15965716954529768,0.07644528717257941
Statlog,Spectral (RBF),1.5,Laplace,Fowlkes Mallows,0.3125041392035197,0.2801744286948005
Statlog,Spectral (RBF),1.5,Laplace,MI,0.20203859853995887,0.0947546328049898
Statlog,Spectral (RBF),1.5,Laplace,V Measure,0.20539313800055295,0.09866233697119096
Statlog,Spectral (RBF),1.5,Normal,ARI,0.2874027999723568,0.2278078050428377
Statlog,Spectral (RBF),1.5,Normal,Fowlkes Mallows,0.3900655892278724,0.3402522652532481
Statlog,Spectral (RBF),1.5,Normal,MI,0.3377746232090973,0.2604572639301039
Statlog,Spectral (RBF),1.5,Normal,V Measure,0.3404471877523437,0.2634511853160316
TCGA,Birch,1.5,Laplace,ARI,0.15379481241881654,0.14257501540510367
TCGA,Birch,1.5,Laplace,Fowlkes Mallows,0.387943610090428,0.3580841365077489
TCGA,Birch,1.5,Laplace,MI,0.1904947610313916,0.17706721021981697
TCGA,Birch,1.5,Laplace,V Measure,0.20147857476094985,0.18739879098977308
TCGA,Birch,1.5,Normal,ARI,0.2099750405176671,0.26713560656139523
TCGA,Birch,1.5,Normal,Fowlkes Mallows,0.4305394927724132,0.4543219038046474
TCGA,Birch,1.5,Normal,MI,0.2705167537036253,0.3240610309568491
TCGA,Birch,1.5,Normal,V Measure,0.280442444718078,0.3326185981911439
TCGA,Gaussian MM,1.5,Laplace,ARI,0.18116346552017054,0.21243074231769565
TCGA,Gaussian MM,1.5,Laplace,Fowlkes Mallows,0.4126739843454241,0.41926962412267854
TCGA,Gaussian MM,1.5,Laplace,MI,0.21811535283297712,0.2495423055642396
TCGA,Gaussian MM,1.5,Laplace,V Measure,0.22882833088660004,0.2593926682406775
TCGA,Gaussian MM,1.5,Normal,ARI,0.2117206617474668,0.3281442977568664
TCGA,Gaussian MM,1.5,Normal,Fowlkes Mallows,0.4230186561985265,0.4847272167484862
TCGA,Gaussian MM,1.5,Normal,MI,0.26840592600010466,0.3962851060819485
TCGA,Gaussian MM,1.5,Normal,V Measure,0.2782156136136077,0.4036960559424325
TCGA,HC (average),1.5,Normal,ARI,0.1611082079451857,0.21338522673139207
TCGA,HC (average),1.5,Normal,Fowlkes Mallows,0.427369846354677,0.4758734211006762
TCGA,HC (average),1.5,Normal,MI,0.1835511198733715,0.19196226576523107
TCGA,HC (average),1.5,Normal,V Measure,0.19517967006526152,0.20351629284978906
TCGA,HC (complete),1.5,Normal,ARI,0.12427687926758416,0.1128496061820424
TCGA,HC (complete),1.5,Normal,Fowlkes Mallows,0.3605781415010164,0.3244890950533089
TCGA,HC (complete),1.5,Normal,MI,0.16429596049558115,0.14608527059722493
TCGA,HC (complete),1.5,Normal,V Measure,0.1755355853347869,0.15660273772945896
TCGA,HC (single),1.5,Normal,ARI,0.0005385035993501575,0.011973864885617608
TCGA,HC (single),1.5,Normal,Fowlkes Mallows,0.5459225317740717,0.9821773985024932
TCGA,HC (single),1.5,Normal,MI,0.00035462526179114086,0.012017741738136516
TCGA,HC (single),1.5,Normal,V Measure,0.01758093077580529,0.022178448076153448
TCGA,HC (ward),1.5,Normal,ARI,0.1762795609166928,0.26443941931034826
TCGA,HC (ward),1.5,Normal,Fowlkes Mallows,0.3975312426904132,0.4372770061863113
TCGA,HC (ward),1.5,Normal,MI,0.2432381963628303,0.3014950165321154
TCGA,HC (ward),1.5,Normal,V Measure,0.2533799146497078,0.30996058177685826
TCGA,K-Means,1.5,Laplace,ARI,0.18998944205163373,0.24183915213665
TCGA,K-Means,1.5,Laplace,Fowlkes Mallows,0.4112617498538368,0.4271153531832088
TCGA,K-Means,1.5,Laplace,MI,0.23860078839676865,0.29770789239180484
TCGA,K-Means,1.5,Laplace,V Measure,0.24888478352423146,0.3064937256351415
TCGA,K-Means,1.5,Normal,ARI,0.22673570682211244,0.38078719343066975
TCGA,K-Means,1.5,Normal,Fowlkes Mallows,0.4320994678761769,0.521833073949071
TCGA,K-Means,1.5,Normal,MI,0.2824128734628989,0.4485701092047253
TCGA,K-Means,1.5,Normal,V Measure,0.2919808198433038,0.455167136193253
TCGA,K-Means (minibatch),1.5,Laplace,ARI,0.1471235561083788,0.14942561612790212
TCGA,K-Means (minibatch),1.5,Laplace,Fowlkes Mallows,0.4096446145492561,0.41517629517355376
TCGA,K-Means (minibatch),1.5,Laplace,MI,0.17847421428999116,0.1795350386465968
TCGA,K-Means (minibatch),1.5,Laplace,V Measure,0.19008733346321272,0.19109628531473746
TCGA,K-Means (minibatch),1.5,Normal,ARI,0.2033888340073452,0.2770827863493236
TCGA,K-Means (minibatch),1.5,Normal,Fowlkes Mallows,0.4304363427017189,0.4709135577399972
TCGA,K-Means (minibatch),1.5,Normal,MI,0.252703832349979,0.3384613383952363
TCGA,K-Means (minibatch),1.5,Normal,V Measure,0.2629190581123759,0.3471070986417574
TCGA,K-Means++,1.5,Laplace,ARI,0.18695709316873796,0.2406909891390455
TCGA,K-Means++,1.5,Laplace,Fowlkes Mallows,0.4038444861809284,0.416424716279712
TCGA,K-Means++,1.5,Laplace,MI,0.23776904503750404,0.29540061053017796
TCGA,K-Means++,1.5,Laplace,V Measure,0.2479610561681625,0.3039492770720162
TCGA,K-Means++,1.5,Normal,ARI,0.21939956703740232,0.3887355445212076
TCGA,K-Means++,1.5,Normal,Fowlkes Mallows,0.4246798449725929,0.5246158936398799
TCGA,K-Means++,1.5,Normal,MI,0.28347100755003274,0.4555679031041546
TCGA,K-Means++,1.5,Normal,V Measure,0.29298830621521044,0.4620145957385901
TCGA,Spectral (NN),1.5,Normal,ARI,0.2050651158923381,0.4792914498500246
TCGA,Spectral (NN),1.5,Normal,Fowlkes Mallows,0.4187338249888605,0.6013048840597961
TCGA,Spectral (NN),1.5,Normal,MI,0.27895238167170056,0.46928010305350804
TCGA,Spectral (NN),1.5,Normal,V Measure,0.28861073631175604,0.4757024338020022
TCGA,Spectral (RBF),1.5,Laplace,ARI,0.19342919183632667,0.3574305194006102
TCGA,Spectral (RBF),1.5,Laplace,Fowlkes Mallows,0.4021368376595443,0.4954468588505514
TCGA,Spectral (RBF),1.5,Laplace,MI,0.2614114700274037,0.3729467656826356
TCGA,Spectral (RBF),1.5,Laplace,V Measure,0.2711662773556067,0.3802538309196045
TCGA,Spectral (RBF),1.5,Normal,ARI,0.22157051516701004,0.5663250496167689
TCGA,Spectral (RBF),1.5,Normal,Fowlkes Mallows,0.4256033191215353,0.6618227775565099
TCGA,Spectral (RBF),1.5,Normal,MI,0.3010237315718725,0.5517860135090816
TCGA,Spectral (RBF),1.5,Normal,V Measure,0.3102917200214569,0.5570560776516221
